[
  {
    "title": "沁园春·游武汉长江一桥",
    "preface": "",
    "body": [
      "风过汉水，云灼楚天，月漾高秋。",
      "望一桥虬劲，两山静穆，三镇灯火，万千重楼。",
      "黄鹤归去，芳草含羞，大江自古向东流。",
      "忆千年，问波涛洗尽，谁家吴钩。",
      "",
      "梦回鹦鹉洲头，随昔年星海少年游。",
      "答人间换了，世界当惊，雄关漫道，浪涌飞舟。",
      "有志同学，无姓王侯，十亿神州竞自由。",
      "当自强，虽千帆共逐，我立潮头。"
    ]
  },
  {
    "title": "七律·过大别山",
    "preface": "党庆日，过大别山，谒烈士陵，见王步文与妻诀别书，心潮澎湃，歌以咏之。",
    "body": [
      "铁铸苍山峰如炬，玉染竹林浪千层。",
      "无边大地埋忠骨，浩荡浮云颂英魂。",
      "身世浮沉家国爱，肝胆昆仑主义真。",
      "莫道英雄空热血，亦是多情亦凡人。"
    ]
  },
  {
    "title": "忆秦娥·北京",
    "preface": "",
    "body": [
      "西风咽，落木萧萧又一年。",
      "又一年，玉盘有缺，春梦难圆。",
      "",
      "长安不见朔方雪，",
      "酒醒应有凌云月。",
      "凌云月，曾有少年，壮怀激烈。"
    ]
  },
  {
    "title": "七律·党庆献礼",
    "preface": "",
    "body": [
      "百年波折别歧路，万里萧疏觅新途。",
      "卫此青山荐碧血，守我沧海献头颅。",
      "粉身碎骨家零落，披肝沥胆国兴复。",
      "自古创业多悲壮，敢问浮沉复谁主。"
    ]
  },
  {
    "title": "渔家傲·中场-孟晚舟回国",
    "preface": "",
    "body": [
      "千日羁旅在绝地，家国不离人不弃。",
      "英刀美斧混不惧，莫悲泣，晚舟虽远终归去。",
      "",
      "使馆烽火火未熄，南海忠骨骨犹立。",
      "族恨国耻终未洗，需自强，十亿愚公移山易。"
    ]
  },
  {
    "title": "过汶川",
    "preface": "",
    "body": [
      "九龙入南海，双桥笑飞舟。",
      "经帆浮云过，羌山楼外楼。",
      "白石水中走，青莲天上游。",
      "汶川今如何，国人当长留。"
    ]
  },
  {
    "title": "京城骤雨",
    "preface": "",
    "body": [
      "独上小楼听秋水，重回大都望春潮。",
      "雷自星河勾银树，雨从沧海化碧涛。",
      "金瓯浩荡风驱鬼，玉宇澄清云捕妖。",
      "黑山墨岭同瘟去，明烛纸船照天烧。"
    ]
  },
  {
    "title": "过四姑娘山",
    "preface": "",
    "body": [
      "锦官城外山之巅，怪石凌空舞翩跹。",
      "千里蜿蜒龙负雪，万丈狰狞虎啸天。",
      "常听罡风翻绿浪，更有巧云卧山前。",
      "莫叹穿山路修远，斜阳耀处是新年。"
    ]
  },
  {
    "title": "祭李文亮",
    "preface": "",
    "body": [
      "昨夜神州皆祝祷，今朝华夏祭楚风；",
      "江城雪雨曾潇洒，泉台江月应从容；",
      "引兵壮士手中哨，布阵珞珈山上松；",
      "任重道远当弘毅，莫道凡人非英雄。"
    ]
  },
  {
    "title": "采桑子·除夕",
    "preface": "2020年除夕，疫情遍地、困于南粤；武汉封城，独过除夕。心情激荡，作《采桑子》一首，以寄忧思。",
    "body": [
      "江城夜冷人亦冷",
      "岁岁团圆",
      "今不团圆",
      "战时家国两难全",
      "",
      "虎兕脱匣谁之罪",
      "苦也人间",
      "怒也人间",
      "欲贺新年却无言"
    ]
  },
  {
    "title": "鼓浪屿谒郑成功像",
    "preface": "",
    "body": [
      "鼓浪屿外海波柔，临风望岛登重楼。",
      "手揽长锋震夷寇，足跨玄岩慑敌酋。",
      "三帆昨日惊世界，五洋明朝入华流。",
      "一国何堪分两岸，七十年来几白头？"
    ]
  },
  {
    "title": "送祖母老安人入南昌宫歌",
    "preface": "癸卯岁末，祖母老安人驾鹤仙逝，追思先人，悲不能已，呜呼哀哉，长歌当泣。遂作送祖母老安人入南昌宫歌，歌曰：",
    "body": [
      "槛外黄鹤空悲泣，榻前白冠缓低吟。",
      "青山白云悄送客，脱蜕凡躯入幽冥。",
      "彼岸花畔黄泉路，三途河前望乡亭。",
      "桥头孟婆惊作揖，殿内阎罗喜相迎。",
      "自言本是乱世女，生长汉水乐楚音。",
      "曾见山河成火海，也闻人命草芥轻。",
      "天命伟人开盛世，诸公夙寐谋安宁。",
      "长命百岁自喜乐，寿终正寝无憾情。",
      "崔判恭对波劫尽，自当还复旧姓名。",
      "驾六龙兮入瑶池，直上五城白玉京。",
      "腾蛇凤凰齐颂祷，风伯雨师舞雷霆。",
      "返本还源得自我，洗尽铅华复真灵。",
      "三清四御皆作客，赐宴昆仑松柏青。",
      "蟠桃琼浆溢金樽，玄女麻姑击玉罄。",
      "八仙九曜齐贺寿，七宝龙珠羊脂瓶。",
      "还杯真武笑雍容，执手东王泪语盈。",
      "曾见精卫能填海，尝闻嫦娥夜夜心。",
      "此去凡尘九十载，风雪从容踏莎行。",
      "万古神话尘与土，百年茶饭天共云。",
      "天若有爱天亦老，人间何日无真晴。",
      "噫吁兮复噫吁兮，送老安人踏莎行。",
      "噫吁兮复噫吁兮，故园行行重行行。",
      "佑我国家多昌盛，怜汝子孙少灾病。",
      "清明寒食多加餐，于梦萦处寄叮咛。"
    ]
  }
]
